ProjectName, URL
BearDiary-master,https://github.com/harveyqing/BearDiary
BeautifulGirl-master,https://github.com/liumulin614/BeautifulGirl
bookshelf-master,https://github.com/AnsonZnl/bookshelf
ChristmasHat-master,https://github.com/jasscia/ChristmasHat
chronus-master,https://github.com/Gwokhov/chronus
CoderCalendar-WeApp-master,https://github.com/xujinyang/CoderCalendar-WeApp
etym-master,https://github.com/lonnng/etym
fetop100-master,https://github.com/zhuweiyou/fetop100
fuliba-front-master,https://github.com/kilakila-heart/fuliba-front
Giteer-sub,https://github.com/githinkcn/Giteer
Gitter,https://github.com/huangjianke/Gitter
Himalayan-lite-master,https://github.com/Notobey/Himalayan-lite
HITMers-dev,https://github.com/upupming/HITMers
iw3cplus-master,"https://github.com/yuzexia/iw3cplus""july_client-master"""
leantodo-weapp-master,https://github.com/leancloud/leantodo-weapp
mini-vip-master,https://github.com/steedos/mini-vip
nideshop-mini-program-master,https://github.com/tumobi/nideshop-mini-program
periodic-table-master,https://github.com/wilhantian/periodic-table
PigRaising-master,https://github.com/SeaHub/PigRaising
pinche,https://github.com/vincenth520/pinche_xcx
scrum-planning-poker-master,https://github.com/yociduo/scrum-planning-poker
scuplus-wechat-master,https://github.com/mohuishou/scuplus-wechat
ShellBox-master,https://github.com/Airmole/ShellBox
sliding_puzzle-master,https://github.com/nanwangjkl/sliding_puzzle
SubwayRoutineMP-master,https://github.com/WarpPrism/SubwayRoutineMP
super9-master,https://github.com/terryso/super9
taro-music-master,https://github.com/lsqy/taro-music
timer-master,https://github.com/kraaas/timer
tina-hackernews-master,https://github.com/tinajs/tina-hackernews
today-master,https://github.com/GoKu-gaga/today
We-Todo-master,https://github.com/w1109790800/We-Todo
weapp-500px-master,https://github.com/fluency03/weapp-500px
weapp-artand-master,https://github.com/SuperKieran/weapp-artand
weapp-demo-breadtrip-master,https://github.com/romoo/weapp-demo-breadtrip
weapp-douban-film-master,https://github.com/hingsir/weapp-douban-film
weapp-film-master,https://github.com/luuman/weapp-film
weapp-girls-master,https://github.com/litt1e-p/weapp-girls
weapp-github-master,https://github.com/zhengxiaowai/weapp-github
weapp-github-trending-master,https://github.com/jae-jae/weapp-github-trending
weapp-gold-master,https://github.com/hilongjw/weapp-gold
weapp-hiapp-master,https://github.com/BelinChung/wxapp-hiapp
weapp-jandan-master,https://github.com/arkilis/weapp-jandan
weapp-library-master,https://github.com/imageslr/weapp-library
weapp-mark-main,https://github.com/Hongye567/weapp-mark
weapp-master,https://github.com/RebeccaHanjw/weapp-wechat-zhihu
weapp-motor-movies-master,https://github.com/cy920820/weapp-motor-movies
weapp-newsapp-master,https://github.com/hijiangtao/weapp-newsapp
weapp-one-master,https://github.com/ahonn/weapp-one
weapp-ssha-master,https://github.com/yaoshanliang/weapp-ssha
weapp-todos-master,https://github.com/zce/weapp-todos
weapp-wechat-zhihu,https://github.com/RebeccaHanjw/weapp-wechat-zhihu
weapp-weipiao-master,https://github.com/wangmingjob/weapp-weipiao
wechat-1password-master,https://github.com/arleyGuoLei/wechat-1password
wechat-app-flexlayout-master,https://github.com/hardog/wechat-app-flexlayout
wechat-app-githubfeed-master,https://github.com/uniquexiaobai/wechat-app-githubfeed
wechat-app-joke-master,https://github.com/zhijieeeeee/wechat-app-joke
wechat-app-mall-master,https://github.com/EastWorld/wechat-app-mall
wechat-app-music-es,https://github.com/eyasliu/wechat-app-music
wechat-app-zhihudaily-master,https://github.com/myronliu347/wechat-app-zhihudaily
wechat-chat-master,https://github.com/ericzyh/wechat-chat
wechat-v2ex-master,https://github.com/jectychen/wechat-v2ex
wechat-weapp-demo-master,https://github.com/SeptemberMaples/wechat-weapp-demo
wechat-weapp-gank-master,https://github.com/lypeer/wechat-weapp-gank
wechat-weapp-mapdemo-master,https://github.com/giscafer/wechat-weapp-mapdemo
wechat-weapp-redux-master,https://github.com/charleyw/wechat-weapp-redux
wechat-weapp-redux-todos-master,https://github.com/charleyw/wechat-weapp-redux-todos
wechat-weather-master,https://github.com/bodekjan/wechat-weather
wechat-webapp-douban-location-master,https://github.com/bruintong/wechat-webapp-douban-location
wechat-webapp-douban-movie-master,https://github.com/bruintong/wechat-webapp-douban-movie
WechatApp-BaisiSister-master,https://github.com/Symous/WechatApp-BaisiSister
wechatapp-news-reader-master,https://github.com/vace/wechatapp-news-reader
WeChatMeiZhi-master,https://github.com/brucevanfdm/WeChatMeiZhi
wechat_mall_applet-master,https://github.com/bayetech/wechat_mall_applet
Wechat_MQTT_ESP8266_BaiduIoT-master,https://github.com/imliubo/Wechat_MQTT_ESP8266_BaiduIoT
wechat_ocr-main,https://github.com/zhijieeeeee/wechat_ocr
wecqupt-master,https://github.com/lanshan-studio/wecqupt
WeHalo-master,https://github.com/aquanlerou/WeHalo
WeOUC-master,https://github.com/LDouble/WeOUC
wx-github-master,https://github.com/monkindey/wx-github
wx-guita_tab-master,https://github.com/alex1504/wx-guita_tab
wx-v2ex-master,https://github.com/hankzhuo/wx-v2ex
wx-words-pk-master,https://github.com/arleyGuoLei/wx-words-pk
wxapp-2048-master,https://github.com/natee/wxapp-2048
wxapp-sCalc-master,https://github.com/dunizb/wxapp-sCalc
wxchat-mail-master,https://github.com/wk989898/wxchat-mail
wxxcx-master,https://github.com/wuhou123/wxxcx
